<?xml version="1.0" encoding="UTF-8"?>
<!DOCTYPE suite SYSTEM "http://testng.org/testng-1.0.dtd">
<suite name="Suite" parallel="none">
  <test name="Test">
  	<parameter name="url" value="http://www.leaftaps.com/control/main"></parameter>
	<parameter name="uName" value="DemoSalesManager"></parameter>
	<parameter name="pwd" value="crmsfa"></parameter>
	<parameter name="browser" value="chrome"></parameter>
    <classes>
      <class name="week4.homework.CreateLeadTestNg"/>
      <class name="week4.homework.EditLeadTestNg"/>
      <class name="week4.homework.DeleteLeadTestNG"/>
      <class name="week4.homework.DuplicateLeadsTestNG"/>
      <class name="week4.homework.MergeLeadTestNG"/>
    </classes>
  </test> <!-- Test -->
</suite> <!-- Suite -->
