<?xml version="1.0" encoding="UTF-8"?>
<!DOCTYPE suite SYSTEM "http://testng.org/testng-1.0.dtd">
<suite name="Suite" verbose="5"> 
<parameter name="browser" value="chrome"></parameter>
<parameter name="url"  value="http://leaftaps.com/opentaps"></parameter>
<parameter name="username" value="DemoSalesManager"></parameter>
<parameter name="password" value="crmsfa"></parameter>

  <test name="Test">
    <classes>
      <class name="Shimul.Testcase005"/>
      <class name="Shimul.Testcase004"/>
      <class name="Shimul.Testcase003"/>
      <class name="Shimul.Testcase002"/>
      <class name="Shimul.Testcase001"/>
    </classes>
  </test> <!-- Test -->
</suite> <!-- Suite -->
