<?xml version="1.0" encoding="UTF-8"?>
<!DOCTYPE suite SYSTEM "http://testng.org/testng-1.0.dtd">
<suite name="Suite" verbose ="5">
  <groups>
<run>
<include name="smoke"></include>
<include name ="sanity"></include>
<include name="common"></include>
<include name="regression"></include>
</run>
</groups>
<parameter name="browser" value="chrome"></parameter>
	<parameter name="url" value="http://leaftaps.com/opentaps"></parameter>
	<parameter name="username" value="DemoSalesManager"></parameter>
	<parameter name="password" value="crmsfa"></parameter>
  <test name="Test">
    <classes>
      <class name="week4assignments.Testcase004"/>
      <class name="week4assignments.Testcase005"/>
      <class name="week4assignments.Testcase002"/>
      <class name="week4assignments.Testcase003"/>
      <class name="week4assignments.Testcase001"/>
    </classes>
  </test> <!-- Test -->
</suite> <!-- Suite -->
