<?xml version="1.0" encoding="UTF-8"?>
<!DOCTYPE suite SYSTEM "http://testng.org/testng-1.0.dtd">
<suite name="Suite" parallel="none" verbose="5">
	<parameter name="url" value="http://www.leaftaps.com/opentaps"></parameter>
	<parameter name="uName" value="DemoSalesManager"></parameter>
	<parameter name="pwd" value="crmsfa"></parameter>
	<parameter name="browser" value="chrome"></parameter>
	<test name="Test">
		<classes>
			<class name="week4.homework.CreateLeadTestNg_1" />
		</classes>
	</test> <!-- Test -->
</suite> <!-- Suite -->
