<?xml version="1.0" encoding="UTF-8"?>
<!DOCTYPE suite SYSTEM "http://testng.org/testng-1.0.dtd">
<suite name="Suite" parallel="none" verbose="5">
<groups>
	<run>
		<exclude name="smoke"></exclude>
		<exclude name="sanity"></exclude>
		<!--<include name="common"></include>
		<include name="regression"></include> -->
	</run>
</groups>
<parameter name="url" value="http://www.leaftaps.com/opentaps"></parameter>
<parameter name="uName" value="DemoSalesManager"></parameter>
<parameter name="pwd" value="crmsfa"></parameter>
  <test name="Test">
    <classes>
     <class name="week4.classwork.CreateLeadTestNg"/>
     <!--  <class name="week4.classwork.EditLeadTestNg"/>
      <class name="week4.classwork.MergeLeadTestNG"/>
      <class name="week4.classwork.DeleteLeadTestNG"/>
      <class name="week4.classwork.DuplicateLeadTestNG"/>  -->
    </classes>
  </test> <!-- Test -->
</suite> <!-- Suite -->
