<?xml version="1.0" encoding="UTF-8"?>
<!DOCTYPE suite SYSTEM "http://testng.org/testng-1.0.dtd">
<suite name="Suite" parallel="none">
	<test name="Test">
		<classes>
			<class name="week4.classwork.DependsOnMet">
			<parameter name="url" value="http://www.leaftaps.com/opentaps"></parameter>
			<parameter name="uName" value="DemoSalesManager"></parameter>
			<parameter name="pwd" value="crmsfa"></parameter>

				<methods>
					<include name="editLead"></include>
					<include name="createLead"></include>
					<include name="delLead"></include>
					<exclude name="test1112"></exclude>
					<include name="test002"></include>
					<include name="test1114"></include>
				</methods>
			</class>
		</classes>
	</test> <!-- Test -->
</suite> <!-- Suite -->
